Model,Accuracy,ECE
Neural Network (MLP),0.9814814814814815,0.010488896068313045
Random Forest + Isotonic,0.9666666666666667,0.013826741074123038
XGBoost,0.9462962962962963,0.014127406891849343
Neural Network (MLP) + Isotonic,0.975925925925926,0.015347259412862031
XGBoost + Isotonic,0.9351851851851852,0.018873113763504586
ConfBoost (Native),0.9092592592592592,0.07846582325810547
ConfBag (Native),0.9351851851851852,0.1121921342370289
Random Forest,0.9666666666666667,0.20211111111111113
